tag,patterns
sedih,Saya tidak merasa dipermalukan
sedih,Saya bisa beralih dari perasaan begitu putus asa menjadi sangat penuh harapan hanya dari berada di sekitar seseorang yang peduli dan bangun
sedih,Saya merasa sedikit terbebani akhir -akhir ini tidak yakin mengapa itu terjadi
sedih,Saya merasa harus membuat penderitaan yang saya lihat
sedih,Saya merasa energi rendah saya hanya haus
sedih,Saya tidak benar -benar merasa itu malu
sedih,Saya merasa sangat menyedihkan sebagian besar waktu
sedih,Saya mulai merasa sentimental tentang boneka yang saya miliki sebagai seorang anak dan memulai koleksi boneka barbie vintage dari tahun enam puluhan
sedih,"Saya masih mencintai SO saya dan berharap yang terbaik untuknya, saya tidak bisa lagi mentolerir efek yang BM miliki terhadap kehidupan kita dan fakta yang telah mengubah SO saya menjadi orang yang marah yang tidak selalu baik kepada orang -orang di sekitarnya ketikaDia merasa stres"
sedih,Saya merasa sangat terhambat di dapur orang lain seperti saya melukis gambar orang lain
sedih,Saya menjadi kewalahan dan merasa dikalahkan
sedih,"Saya merasa sangat berkecil hati, kami sudah merampok Peter untuk membayar Paul untuk mendapatkan sapi kami tahun ini tetapi kami tidak mampu untuk tidak mendapatkan sapi seperti ini"
sedih,Saya merasa lesu dari kebutuhan hal -hal baru sesuatu yang berbeda
sedih,Saya mendapati diri saya merasa sedikit berkecil hati pagi itu
sedih,Saya merasa Anda tahu pada dasarnya seperti yang palsu di ranah fiksi ilmiah
sedih,"Aku benci hidup di bawah atap ayahku karena memberinya alasan untuk menjadi bajingan bagiku karena dia menyediakan bagiku untuk tinggal di sini, aku pikir dia merasa dia perlu membuatku merasa tidak disukai mungkin jadi aku akan pergi"
sedih,Saya telah berada di roller coaster emosi atas perasaan yang diduga bahwa sesuatu yang tidak menyenangkan akan datang
sedih,Saya merasa sengsara tetapi saya juga ibu yang paling membanggakan di bumi
sedih,"Saya pikir keluarga saya mencintai kami tidak peduli apa pun kecuali di sekitar orang lain, saya merasa malu ketika Michelle menjadi balistik"
sedih,Saya bisa merasakan ovarium saya sakit berbicara kepada saya karena saya suka meletakkannya
sedih,Saya tidak merasa ingin melakukan banyak Chris dan saya kebanyakan hanya mengambil terlalu banyak foto barang yang tidak penting
sedih,Saya bosan dengan buku itu dan siap untuk mengeluarkannya dari sini dan mengetahui bahwa saya diberi gambar yang tidak cocok dan kemudian merasa disalahkan atas hasilnya tidak ada yang duduk dengan baik
sedih,Saya merasa seperti sampah yang menyedihkan
sedih,Saya merasa sangat tidak berharga selama masa -masa itu saya sedang berjuang mencari pekerjaan
sedih,"Ketika saudara laki -laki ibuku meninggal setelah terlibat dalam kecelakaan mobil, dia membawakan saya hadiah karena saya telah lulus ujian lima tahun dengan warna terbang"
sedih,Saya merasa ingin membuang kertas kotoran yang menyebalkan
sedih,"Saya mendengar adalah pemilik yang merasa menjadi korban oleh asosiasi mereka, pengacara asosiasi atau manajer properti"
sedih,Maksud saya benar -benar bekerja sangat keras untuk mendapatkan keterampilan teknis yang tinggi di Wushu merasa agak malu tetapi entah bagaimana termotivasi ketika saya melihat anak -anak melakukan pertunjukan Wushu dengan sepenuh hati meskipun mereka kelelahan
sedih,Saya baik -baik saja di kelas tetapi kombinasi perasaan tidak berhasil menjadi pria yang menangani stres akhir -akhir ini dan minggu saya yang mengerikan mengakibatkan saya hampir menangis setelah saya selesai bergulat
sedih,Saya merasa jelek saya lebih cenderung mengenakan celana jins dan kaus dari gaun yang indah meskipun saya mungkin masih memakai sepasang tumit di sekitar rumah saya untuk meningkatkan harga diri saya sedikit tetapi saya pasti tidak mau repot -repot membeli pasangan baru
sedih,"Saya belum merasa rindu, jadi saya merasa baik -baik saja tentang ini"
sedih,"Saya merasakan semua ini hanya dari matanya bukan dari sentuhannya atau dari kata -katanya, tetapi dari matanya, saya tahu bahwa saya dapat dengan yakin mengembalikan cinta ini dan tahu bahwa itu tidak akan sia -sia"
sedih,Saya masuk ke dalam kelompok yang saya rasa sangat canggung dan terlalu banyak kompensasi dengan menjadi terlalu banyak bicara atau dengan menjadi sangat sunyi
sedih,Saya tidak merasa sengsara sama sekali karena keluarga saya bukan tipe yang merayakan Idul Fitri
sedih,"Saya masih merasa kurang tidur, dia hampir tidur sepanjang malam memberi kami"
sedih,Saya merasa perlu untuk melindungi orang tua saya dari perburuan penyihir bahwa terapi memori yang tertekan bisa
sedih,Saya tidak tahu apa yang dia rasakan kemudian saya pikir dia berharap dia bisa berada di sana bersama kami juga untuk kami masing -masing tahu bahwa betapapun kami membencinya pada awalnya itu adalah pengalaman yang akan kami ingat selamanya
sedih,Aku bisa merasakan rengekannya karena berpikir tidak dicintai dan tidak dicintai
sedih,Saya lebih gemuk karena satu -satunya hal dalam hidup saya yang dapat tetap berada di bawah kendali saya adalah apakah saya bisa makan selai kacang di atas roti ketika saya pulang dari hari yang mustahil hingga dunia pertama yang terlihat di dunia ketiga merasa sangat membutuhkan dan diabaikangadis kecil
sedih,Saya merasa sangat sedih dan putus asa
sedih,Saya masih merasa grogi tetapi saya harus bangun untuk melakukan rutinitas untuk anak saya
sedih,Saya hanya berharap baik -baik saja jadi saya memikirkannya sebelumnya hari ini dan inilah yang semuanya terkurung amp Restless telah membuat saya merasa sangat membutuhkan
sedih,Saya bukan penggemar presiden saat ini saya seorang konservatif dan itu membuat saya merasa tidak disukai
sedih,Saya merasa seperti saya selalu dihukum karena hal -hal bodoh dan saya merasa seperti saya dihukum karena berperilaku
sedih,Saya merasa sedih ketika seorang teman saya meninggal dan saya merasa ada sesuatu yang tidak dapat ditarik kembali pergi dariku
sedih,Saya meninggal Will Alex dan Matt merasa menyesal karena tidak datang berkunjung
sedih,Saya merasa ini adalah jahit yang sangat membosankan karena sangat mudah dan tidak ada lagi yang bisa dikatakan tentang mereka selain penggunaan kain saya
sedih,Kaki saya akan merasa menyebalkan sejauh beberapa mil tetapi akan datang seperti yang selalu mereka lakukan
sedih,Saya merasa dilecehkan dan difitnah tetapi kebanyakan lelah dengan perasaan gugup yang mengantisipasi bahaya
sedih,"Saya harus mengakui bahwa kartu -kartu E yang lucu ini benar -benar bagaimana perasaan saya sangat stres, saya merasa kapan saja saya bisa memulai dengan"
sedih,Saya menulis tahun lalu ketika saya merasa lebih membosankan dan tidak jelas dari biasanya
sedih,Saya akan menghabiskan liburan saya untuk saya tidak ada kewajiban tidak ada sakit kepala tidak merasa seperti saya sedang diperas menjadi tiga tempat sekaligus
sedih,Saya merasa kecewa dengan kata -kata saya akhir -akhir ini
sedih,Saya terus mendefinisikan dan menemukan apa artinya rumah di sini di Amsterdam setiap kali saya merasakan sedikit penyakit kosong itu lebih sesuai dengan kehilangan pola pikir budaya kehidupan kota Amerika yang jauh berbeda dari pola pikir budaya Amsterdam
sedih,"Saya online dan saya melihat seorang teman berbicara dengan orang lain dan tidak berbicara dengan saya, saya merasa diabaikan, saya merasa tidak dicintai"
sedih,Saya merasa stres selalu
sedih,Saya ingat merasakan kram lain tetapi saya juga mengabaikannya
sedih,Saya juga telah belajar butuh banyak usaha dan pemikiran positif bagi saya untuk tidak menangis karena merasa lelah dan bersalah karena tidak menjadi ibu yang lebih baik
sedih,Saya merasa tidak enak karena kami bergaul dengan teman saya dan bayi barunya sehari sebelumnya
sedih,Saya merasakan penderitaan dan saya benar -benar merasakan sakitnya
sedih,Saya merasa benar -benar ujian lesu telah datang dan pergi dan sekarang saya memiliki lima bulan atau lebih di depan saya tanpa waktu dan waktu luang
sedih,Saya merasa seolah -olah saya dilecehkan dalam beberapa cara
sedih,Saya bisa merasakan diri saya mendapatkan kendali atas aspek barang yang rusak dari keamanan pribadi saya
sedih,"Saya merasa menjadi korban dengan hambatan di negara kita dengan kepala di pasir tradisionalis, saya ragu untuk menyebut mereka kaum konservatif karena takut menyinggung sejujurnya bagi para konservatif Tuhan yang masih berpikir bahwa dunia diciptakan bertahun -tahun yang lalu dan hal -hal seperti sisa kerangka adalah semacam tipuan jenis tipuan"
sedih,Saya telah menjadi darah saya yang membuktikan alasan saya merasa sangat lesu dan sampah adalah karena saya rendah pada zat besi jadi saya sekarang telah diresepkan tablet besi
sedih,Saya merasa seolah -olah saya harus dihukum karena mengabaikan Anda
sedih,"Saya merasa seperti kehilangan beberapa akar utama saya, saya merasa kurang aman secara finansial dan sosial secara emosional"
sedih,"Saya merasa seperti saya harus menggigit peluru dan melakukannya tetapi setiap kali saya memikirkannya, saya merasa stres karena saya tidak sepenuhnya didukung pada keputusan saya"
sedih,Saya tahu saya memiliki beberapa tics verbal yang terdengar tidak matang dan suara saya agak hidung dan saya tidak selalu tampil seperti alat paling tajam di gudang terutama ketika saya merasa canggung tetapi ada yang tahu dan ada yang tahu Anda tahu Anda tahu Anda tahu Anda tahu Anda tahu Anda tahu
sedih,Saya baru saja mengalami mimpi buruk yang mengerikan dan merasa sedikit terganggu
sedih,Saya tidak ingin berjalan lewat di sana kalau -kalau pelanggan merasa terganggu
sedih,Saya ingin penderita lain dapat menemukan saya dengan harapan pertempuran saya dapat membantu mereka merasa bahwa mereka tidak sendirian
sedih,Saya tidak berharap untuk dipukuli untuk merasa seperti kekecewaan bagi suami saya atau kesakitan emosional
sedih,Aku muak merasa jelek
sedih,Saya merasakan kebanggaan yang menyimpang dalam kontrol diri saya sehingga saya berhasil tetap di tempat saya diperintahkan dan tidak meraih daging manusia yang menggoda begitu dekat di hadapan kami
sedih,Saya sangat pusing ketika anak -anak pergi pagi ini setelah kelas resmi terakhir kami tahun ini tetapi sekarang saya merasa sedikit sedih
sedih,Saya kepribadian yang bisa merasakan sakit dan penderitaan
sedih,Saya sedang melakukan pemanasan dengan perasaan sedikit lesu
sedih,Saya hanya merasa agak sentimental sekarang dan hanya perlu mengatakan saya merasa sangat beruntung menjadi maxs mom
sedih,Saya membuat diri saya muncul dan merasa terisolasi di kerumunan yang tidak tahu saya salah dengan perasaan anti sosial
sedih,Saya telah belajar bagaimana mematikan semua emosi saya semakin banyak dan saya sering merasa benar -benar kosong saat ibu saya menangis terus menerus karena bunuh diri saya
sedih,Saya akhirnya bisa berhenti merasa lesu dan seperti buang -buang ruang
sedih,Saya merasa sangat malu
sedih,Saya memiliki banyak hari di mana saya merasa putus asa hari ini cahaya di ujung jalan bata kuning saya bersinar sedikit lebih terang
sedih,Saya benar -benar merasa sedih
sedih,Saya mulai merasakan masing -masing indera saya kusam sampai ketidaksadaran hitam dingin datang saya
sedih,Saya merasa kosong saat bayinya tidak ada
sedih,Saya berhenti merasa sangat lelah dengan HREF HTTP ProvokingBeauty
sedih,Saya dibuat merasa busuk
sedih,Saya merasa seperti saya hanya berada di ujung dalam mikrokosmos ini satu momen canggung lagi atau pesta yang terlewatkan dan saya berada di luar
sedih,Saya merasa terbebani untuk membagikannya
sedih,Saya pikir kami akan berbicara dan mencoba dan bekerja pada hal -hal sehingga saya terkejut mengetahui bahwa Steve telah memutuskan bahwa dia ingin menjadi sendiri hal yang menghancurkan saya adalah perasaan tidak dicintai
sedih,Saya tidak akan menyaksikan penjaga yang sangat baik yang membuat seorang anak emo merasa sama sekali tidak disukai
sedih,Saya cenderung berhenti bernapas ketika saya merasa stres
sedih,Saya mendambakan saat saya tunduk dan saya tidak merasa tunduk pada
sedih,Saya membuatnya bekerja tetapi saya merasa sedikit grogi
sedih,Saya mulai merasa tidak disukai dalam hidup dan beberapa orang sudah dapat mengatakan ini
sedih,Saya hanya sibuk dengan barang -barang lain tetapi tidak pernah dengan blog atau utas yang hanya akan membuat saya merasa sengsara
sedih,Aku memejamkan mata aku bisa mendengar suara ratapan yang menyedihkan dari tangisanku sendiri merasakan rasa air mataku yang asin dan merasa bahwa kemarahan dan sakit hati yang memenuhi hatiku
sedih,Saya merasa sangat tidak berharga sekarang
senang,Saya telah bersama Petronas selama bertahun -tahun saya merasa bahwa Petronas telah berkinerja baik dan mendapat untung besar
senang,Saya merasa bahwa berlari adalah pengalaman ilahi dan bahwa saya dapat berharap memiliki beberapa jenis pertemuan spiritual
senang,Saya memiliki simpati yang luar biasa dengan titik umum tetapi sebagai seorang penulis proto yang mungkin mencoba menemukan waktu untuk menulis di sudut -sudut kehidupan dan tanpa tanda -tanda agen apalagi kontrak penerbitan ini terasa sedikit berharga
senang,Saya tidak merasa kecemasan yang diyakinkan ada di setiap sisi
senang,Saya merasa dia terhibur dan senang
senang,Saya dapat membantu Chai Lifeline dengan dukungan dan dorongan Anda adalah perasaan yang hebat dan saya sangat senang Anda bisa membantu saya
senang,Saya merasa lebih unggul ayam atau anak yang berduka
senang,Saya merasa pusing karena merasa elegan dengan rok pensil yang sangat pas
senang,Saya tidak bisa membayangkan skenario kehidupan nyata di mana saya akan cukup terhubung secara emosional dengan seseorang untuk merasa benar -benar diterima dan aman di mana itu dapat diterima secara moral bagi saya untuk memiliki kontak fisik yang dekat dan berkepanjangan dan di mana seks tidak akan diharapkan selanjutnya
senang,Saya tidak yakin apa yang akan membuat saya merasa puas jika ada
senang,Saya merasa perlu untuk menjadi kreatif
senang,Namun saya ingin Anda tahu bahwa jika sesuatu seseorang menyebabkan Anda merasa kurang dari diri Anda yang luar biasa menjauh dari mereka
senang,"Aku membutuhkanmu, aku membutuhkan seseorang yang harus aku lindungi dan merasa aman aku kecil sekarang aku menemukan diriku di musim tanpa kata -kata"
senang,Saya berencana untuk berbagi kisah kehidupan sehari -hari saya bepergian inspirasi petualangan dan kreasi buatan tangan dengan Anda dan berharap Anda juga akan merasa terinspirasi
senang,"Saya sudah memiliki pohon Natal saya, saya mendapat dua dan merasa meriah yang saya yakin memacu saya untuk memulai buku ini"
senang,ive memakainya sekali dengan sendirinya dengan sedikit concealer dan untuk hari -hari aku merasa berani tapi tidak ingin pucat maka itu sempurna
senang,Saya merasa sangat bersemangat tentang ketika beberapa brengsek memutuskan untuk menyodok dan mengolok -olok kami
senang,"Saya kehilangan pikiran khusus tetapi tidak khawatir saya masih waras, saya hanya ingin Anda merasakan apa yang saya rasakan saat membaca buku ini, saya tidak tahu berapa kali dikatakan bahwa Sam istimewa tetapi saya dapat menjamin Anda itu lebih dariApa yang saya gunakan dalam paragraf itu apakah saya memberi tahu Anda bahwa dia istimewa"
senang,dalam perjalanan perahu ke Denmark
senang,Saya perlu merasakan adonan untuk memastikan itu sempurna
senang,Saya mengantongi qaf tampilan siapa cryin sekarang jacynthe lookin good feelin cantik rupaul the skins scissor bersaudara valentine matahari muak kayle siapa ayahmu gerding terjaga
senang,Saya memiliki perasaan bahwa jika saya memiliki aktivitas seksual yang kuat lagi dalam mendatang ya saya salah mengarahkan itu sebagai hari -hari cumming bagian saya akan mulai rontok
senang,Aku merasakan senyum penuh kasih sayang yang anggun ibuku saat aku merampok waktu untuk memelihara diriku dan menyembuhkan
senang,Saya merasa di dalam mereka berbicara tentang ipar sangat populer yang tidak ingin saya pikirkan begitu kaku
senang,Saya merasa berani ketika saya membelinya dan jelas ketika saya merias wajah saya
senang,Saya tidak perlu berpikir bom dan seks diperlukan dalam semua cerita tetapi saya merasa tertekan ketika saya melihatnya di jurnal cetak
senang,"Saya berhasil berhasil meregangkan kanvas MXM, saya merasa bahwa ini adalah pencapaian tersendiri bagi saya dan merupakan penggunaan uang dan waktu saya yang berharga"
senang,Saya pikir perasaan adalah salah satu hal terpenting yang kami miliki
senang,Saya merasa benar -benar merasa terhormat menjadi pengaruh bagi wanita gadis cantik yang benar -benar hidup yang benar -benar hidup ini
senang,Saya merasa sangat bahagia dan bersemangat karena saya belajar banyak hal
senang,Saya merasa bahwa pada pertunjukan dan sekitar pertunjukan kuda orang percaya dan santai karena sebagian besar kuda pertunjukan aman dan tenang dan sering ditangani
senang,Saya hanya memiliki beberapa hal yang tersisa untuk dibuat dan pada awal Desember saya selesai dan merasa sombong
senang,Saya memikirkan bagaimana Anda bisa membuat saya merasa dan menyadari bahwa semuanya akan baik -baik saja
senang,Saya mulai merasa terhibur dengan komedi dangkal kesalahan hidup saya berubah menjadi
senang,Saya menemukan setiap tubuh cantik dan hanya ingin orang merasa vital di tubuh mereka
senang,i alba saya merasa baik dan saya pas
senang,"Saya merasa bersemangat tentang apa yang saya lakukan lagi, saya merasa seperti saya harus mengejar ketinggalan"
senang,Saya juga tahu betapa enak rasanya melihat ke belakang dan melihat bahwa saya menghormati kata -kata saya dan itu membantu sejak awal
senang,Saya merasa hal -hal menjadi sedikit berlebihan beberapa spritz dari toner ini sangat membantu menenangkan dan menenangkan saya
senang,Saya harap Anda menyadari betapa sedikit upaya yang diperlukan untuk membuat seseorang merasa lebih baik tentang diri mereka sendiri atau situasi mereka apakah itu saya anggota keluarga seorang perguruan tinggi atau teman sekolah menengah tetangga di jalan atau bahkan orang asing yang sama sekali
senang,Saya merasa sangat meriah hari ini sehingga saya bahkan akan memasang pohon segera setelah saya selesai melakukan ini dan mengejar ketinggalan dengan kemajuan minggu di Coronation Street
senang,mengetahui bahwa saya tidak sakit tidak serius
senang,Saya merasa jarang memajukan penyebab yang bermanfaat dan saya selalu berpegang pada aturan tidak memposting apa pun secara online yang tidak akan saya katakan kepada beberapa wajah
senang,Saya merasa sangat berguna
senang,Saya menari saya harus merasa cantik
senang,Saya berolahraga setiap pagi sebelumnya dan merasa luar biasa untuk itu
senang,Saya merasa luar biasa sampai Jumat pagi ketika saya mulai mendapatkan kram yang mengerikan ini di tempat kerja
senang,Saya merasa terhormat bisa memanggil mereka teman untuk berbagi persaudaraan mereka
senang,Saya merasa mereka cukup aman di blog saya img src http s
senang,Saya merasa sangat ingin menyelesaikannya karena saya memiliki rencana yang menyenangkan untuk merajutnya
senang,Saya pergi ke kamar mandi mempertanyakan apa yang saya rasa dia cantik sekali tubuh yang fantastis begitu percaya diri dalam gerakannya dengan mudah
senang,Saya merasa energik dan goyang.
senang,Saya tidak menangis atau pelepasan perasaan atau pikiran yang menghancurkan karena saya sepertinya tahu bahwa Rich juga harus melewati ruangnya sendiri tanpa saya hanya membuangnya
senang,Saya mengepal ke sudut -sudut tempat tidur untuk merasa yakin
senang,"Saya mungkin pergi mencuci mobil jika saya merasa sangat murah hati, mobil saya membutuhkannya"
senang,"Saya menulis blog lagi, saya duduk di sini merasa puas dengan anjing saya dan kucing saya dan saya tahu bahwa betapa beruntungnya kami adalah kebenaran"
senang,Saya merasa sangat lembut dan saya ingin tampilan yang lembut dan mudah dipakai dengan awal dari pilek
senang,Saya masih merasa itu merugikan genre ketika cerita diselesaikan secara artifisial
senang,"Saya selalu tahu ketika saya merasa artistik ketika saya menulis nama saya ketika saya berada dalam suasana artistik, saya di manitz saya menggambar lingkaran bukan titik semakin besar titik yang lebih artistik yang saya rasakan dan jika itu hanya garis seperti sebuahtanda aksen dalam bahasa Spanyol im kesal"
senang,Aku merasa aku punya kaki di pintu dunia berjalan yang fantastis dan berlari di jalan setapak dan gunung
senang,Saya merasa pandangan saya tidak akan menjadi sangat populer dan tidak apa -apa
senang,Saya ingin merasa dihargai dan saya hargai saya lakukan dan mengenal orang -orang yang mencintai saya tidak pergi ke mana pun bahkan jika sifat hubungan berubah
senang,Saya menggunakannya secara teratur dengan musik santai dan selalu merasa dimengerti sesudahnya
senang,Saya merasa sempurna dan melihat youtube memiliki pengaruhnya saya bahkan tahu tren
senang,ive kehilangan beban sehingga saya bisa masuk ke dalam rok kecil yang saya tidak bisa pakai karena saya tidak merasa percaya diri sampai sekarang
senang,Saya berharap untuk merasa sedikit lebih kreatif lagi segera dan melewatkan kehadirannya di blog hidup saya
senang,Saya mulai merasa puas dengan hidup saya di sini
senang,Saya ingat merasa terinspirasi dan berpikir bahwa itu adalah contoh yang baik dari pengasuhan
senang,Saya benar -benar merasa bahwa hidup saya sempurna sekarang dan jika tidak terlalu banyak untuk meminta saya hanya berharap bahwa semuanya akan tetap sama
senang,Saya di sana saya merasa puas
senang,Saya tidak mengatakan memotong semua orang dari hidup Anda tetapi saya merasa penting untuk menemukan kenyamanan dalam meditasi kesendirian atau mengerjakan proyek sendirian
senang,Saya merasa terhormat karenanya
senang,Saya merasa saya seperti burung yang terbang di udara dengan cara yang sangat riang
senang,Saya merasa bahwa mendidik keluarga dan mendukung dan mendidik mama dan papas adalah kuncinya
senang,Saya selalu suka menggunakan wewangian asli untuk menyegarkan dan dengan sedikit aroma laci pakaian dalam saya untuk merasa sangat glamor dan feminin
senang,"Saya merasa seperti anak muda yang berbakat, saya tidak merasa berbakat maka saya tidak ingin bekerja dengannya"
senang,Saya merasa alasannya terpisah dari kehidupan satu sama lain adalah karena saya dalam dirinya untuk membantunya menjadi sesuatu untuk mendorongnya untuk berhasil dan menjadi sukses dan bahagia
senang,Saya merasa sangat lembut sejauh ini tentang proses luka penyembuhan apa pun yang mungkin sedang berlangsung
senang,Saya merasa sebagai seorang anak yang tidak bersalah yang menggambarkan a
senang,ive bekerja sangat keras sepanjang tahun untuk mencoba membuat setiap anak di kelas terasa seperti mereka dihargai
senang,Saya masih menebak diri saya sendiri dan masih memiliki waktu yang mengerikan membuat keputusan yang pasti tetapi ada kebenaran tertentu yang saya ketahui tentang diri saya dan saya merasa yakin dengan kebenaran itu
senang,Saya tidak merasa seperti telur Benediktus saya akan memiliki sesuatu yang sama lezatnya
senang,Saya merasakan jalan saya melalui dan mempercayai diri sendiri
senang,Saya merasa terinspirasi oleh semua elemen musim panas dari favorit saya di pantai Time Bummin
senang,Aku bisa merasakan bahwa dia tersenyum aku mencintaimu bahkan lebih cantik
senang,Saya membuat arcade saya memiliki tujuan yang sangat sederhana dan itu adalah untuk membuatnya merasa benar -benar nyaman secara fisik secara fisik dan benar -benar
senang,Saya merasa sangat bersemangat dan melompat ke tabung untuk mengendarai mata London
senang,Saya ingin merasa aman dan sehat dan mungkin saja ada kemungkinan kecil saya bisa merasakan sukacita dan impian saya bisa menjadi kenyataan
senang,Saya juga berpikir itu membingungkan bahwa setelah administrator khusus ini memilih saya karena pujian atas kemampuan saya untuk membuat siswa saya membaca bahwa dia merasa bahwa waktu SSR bukan penggunaan waktu kelas yang produktif
senang,Saya harap saya merasa sangat lewat tidur dengan baik dengan damai dengan diri saya di dunia luar ini
senang,Saya merasa sangat santai dan baik -baik saja
senang,"Saya tidur, saya merasa seolah -olah saya menyerah waktu yang berharga untuk melakukan sesuatu yang lain dengan hidup saya"
senang,Saya merasa seperti telah mengabaikan blog ibu tercinta saya
senang,Saya harus mengatakan kami melakukannya karena saya makan merasakan sesuatu ketika dia menulis hw dia tertarik pada xxx
senang,Saya ragu -ragu untuk membuat saran karena saya merasa seolah -olah hasilnya tidak akan tulus
senang,"Saya adalah bahwa saya mengebom wawancara pertama itu, saya meninggalkan wawancara kedua dengan perasaan sangat fan"
senang,Saya pikir ini akan membawa kami selama ini untuk membangun inventaris yang baik dari rempah -rempah minyak saus dan lainnya yang tidak mudah rusak untuk merasa seperti kami memiliki kesempatan untuk membuat sesuatu yang lezat tanpa harus secara khusus keluar dan membeli setiap item dalam resep
senang,Saya sekarang merasa saya bisa memberi tahu ayah lain yang anak -anaknya akan segera menjadi remaja tidak keren untuk menarik ke sekolah menengah anak Anda untuk menjemput mereka dalam jalopy yang berbau dengan tanaman yang keluar dari jendela
senang,"Saya akan merasa beruntung menyebut salah satu materi dan kit di situs Anda miliknya, mereka hanya dikuratori dengan indah"
takut,Saya merasa bingung tentang kehidupan saat remaja atau sama letihnya dengan pria berusia satu tahun
takut,Saya sekarang merasa terganggu dan skeptis terhadap nilai setiap unit pekerjaan yang saya masukkan
takut,Saya merasa benar -benar kewalahan saya memiliki dua strategi yang membantu saya merasa membumi mencurahkan hati saya dalam jurnal saya dalam bentuk surat kepada Tuhan dan kemudian diakhiri dengan daftar lima hal yang paling saya syukuri
takut,Saya ingat merasa sangat tertekan selama beberapa hari
takut,Saya terhalang sedikit ketika saya menulis dengan perasaan tidak yakin bahwa saya mungkin pergi ke suatu tempat dengan cerita yang tidak diinginkan
takut,Saya merasa seperti kita ditekan untuk menjadi anak muda yang cantik dan tergantung pada tren para gadis yang diremajakan atau implan pantat
takut,Saya mulai memiliki mereka beberapa kali seminggu merasa disiksa oleh halusinasi yang menggerakkan orang dan sosok suara dan getaran
takut,Saya akan bisa berbaring di tempat tidur saya dalam kegelapan dan tidak merasa takut setidaknya untuk sementara waktu
takut,Saya mulai merasa khawatir ketika awan hujan hitam tebal menyerbu ke langit di atas kota
takut,Saya telah menyatakan kepadanya alasan saya merasa sangat takut adalah karena saya merasa tidak aman
takut,"Saya tidak merasa ingin terguncang oleh TSA, jadi saya berhenti di samping di croissant kreatif untuk makan siang"
takut,"Saya pikir jika sebuah puisi tidak memberi tekanan pada saya, saya tidak merasa tidak nyaman dalam arti merasa lebih dari yang bisa saya rasakan lebih dari yang bisa saya mengerti lebih dari mencintai daripada saya bisa jatuh cinta"
takut,Saya kira dia merasa sedih karena dia agak skeptis terhadap rasa sakitnya selama beberapa bulan terakhir dia memiliki hiperkondria dan kebiasaan berlebihan di masa lalu meskipun dia tidak pernah menanyainya secara terbuka tentang hal itu
takut,Saya mengatakan kepadanya bahwa mungkin saya hanya perlu waktu untuk berpikir bagaimana ive merasa ragu -ragu tentang hal -hal belakangan ini
takut,Saya ingat merasa benar -benar ketakutan ketika saya berada di Brasil dengan bus yang naik bukit gunung yang curam di sisi gunung di tengah badai besar yang bertanya -tanya apakah kami akan jatuh
takut,Saya merasa aneh kembali bekerja setelah liburan satu hari saya
takut,Saya merasa bahwa kelas saya sedikit terintimidasi oleh konsep yang menyala
takut,"Ketika saya mendengar desas -desus bahwa hasil ujian tahun ini keluar, saya takut bahwa saya mungkin menjadi salah satu kegagalan"
takut,Saya secara khusus ingin Tango merasa malu dan Maks sangat sulit untuk mendapatkan cukup jauh darinya untuk mendapatkan foto yang bagus lol
takut,Saya juga tidak merasa terlalu aneh tidur di tempat tidur saya sementara mereka berdua tidur selama bertahun -tahun
takut,Saya merasa rentan dan sendirian
takut,Saya pikir saya hanya menjadi bodoh merasa gugup
takut,"Saya sekarang merasa sangat tidak nyaman dengan mereka semua, saya kira adalah saya"
takut,Kadang -kadang saya bertanya -tanya apakah saya baru saja menambah antagonisme dan kesalahpahaman yang dimiliki banyak orang terhadap kita yang merasa enggan untuk dengan sepenuh hati mendukung peringatan hari gencatan senjata tradisional
takut,Saya tahu ini adalah reaksi yang tidak adil tetapi saya telah kehabisan cara untuk menjelaskan bagaimana perasaan saya terguncang adalah yang terbaik yang bisa saya hasilkan sekarang
takut,Saya merasa sangat gelisah sekarang saat mengetik ini
takut,Aku hanya merasa takut seperti aku di tepi jurang yang menatap ke depan
takut,Saya merasa sangat enggan pergi ke sekolah besok meskipun hari Senin dan jadwal cukup bagus
takut,Saya dapat memahami bahwa Anda mungkin merasa lebih suka tidak melakukan bagian Anda untuk yang rentan dan tunawisma di London dengan cara yang tepat
takut,Saya tahu saya merasa gelisah karena dari efek samping dari dosis yang terlalu tinggi
takut,Takut Pencuri
takut,Saya selalu merasa terintimidasi oleh orang lain terutama ketika mereka selalu membandingkan saya dengan orang lain sejak saya masih muda
takut,Saya tidak mengatakan bahwa perasaan yang kuat selalu membuat saya skeptis pada awalnya
takut,"Saya ingin berbicara dengan Anda tetapi dengan waktu terbatas yang kami miliki di telepon dan dengan pengaturan kami saat ini, saya merasa ragu untuk membawanya"
takut,Saya merasa bingung setelah itu
takut,Aku bisa merasakan kebutuhan panik dalam dirinya kebutuhan untuk menjadikanku miliknya
takut,Saya adalah seorang perokok selama bertahun -tahun dan berhenti berminggu -minggu yang lalu setelah saya menyelesaikan buku Anda dan saya tidak percaya betapa bebasnya saya merasa saya tahu bahwa saya harus berhenti tetapi saya takut hidup saya tanpa rokok
takut,Saya sudah merasa panik
takut,Saya tidak merasa sangat gugup di Finlandia tetapi ketika kami mendarat di Paris saya sedikit tidak yakin tentang apa yang akan ada di depan kami mengira siswa kelas St Janne Suominen
takut,Saya masih merasa rentan di sekitarnya
takut,Saya merasa ini diragukan
takut,Saya merasa ragu untuk membicarakan hal ini
takut,Saya merasa ragu -ragu untuk berkomentar karena saya tidak ingin menambah pileon tetapi tampaknya jelas bagi saya bahwa mereka yang terlibat belum belajar dari pengalaman masa lalu mereka juga tidak tertarik untuk menerapkan pembelajaran itu ke proyek masa depan
takut,Saya merasa ragu -ragu apakah saya merasa buku Huckleberry Finn harus disensor atau tidak
takut,Akhir -akhir ini saya merasa sangat kewalahan
takut,Saya sedang merenungkan dan merasa skeptis
takut,Aku mencintainya tapi aku merasa terancam dengan dia sedikit
takut,Saya menemukan diri saya dalam posisi baru merasa sedikit tidak pasti tentang reli pasar saham
takut,Saya selalu sangat sensitif dan segala indra saya terasa seperti sedang diserang saat saya menyeret diri saya dari kegelapan
takut,Saya tidak bisa menahan diri tetapi merasa benar -benar bingung dan benar -benar tidak berdaya ketika Lorena diculik dan disiksa hampir sampai mati oleh sekelompok musuh saya sangat membutuhkan kebebasannya
takut,Saya baru saja bangun dari tidur siang saya dan saya merasa sangat gelisah dan pemarah
takut,Saya merasa terintimidasi oleh wanita -wanita hebat di pohon keluarga saya
takut,Saya akan mengatakan bahwa sepotong kecil dari saya merasa gelisah ketika saya menonton diskusi tentang balapan dan di sana saya akan gaya font warna keluarga Georgia serif font ukuran px line height
takut,Saya mematahkan pemain radio paman saya secara tidak sengaja dan jadi saya khawatir dia akan memotong saya dari pergi ke rumahnya serta memainkannya lagi
takut,Saya merasa tidak yakin tentang motifnya dan merasakan ketidakseimbangan dalam komitmen kami terhadap proses konseling untuk rekonsiliasi
takut,Saya terkikik dengan gugup ketika saya merasa terancam
takut,Saya merasa sedikit khawatir
takut,Saya tidak percaya saya merasa sangat gugup tetapi ayah saya meyakinkan saya bahwa tidak ada yang gugup tentang yang hanya membuat saya lebih gugup
takut,"Saya merasa tegang hari saya selesai ketika dia berada di sekitar saya merasa sangat saraf yang saya impikan tentang apa yang bisa kita lakukan kencan dan semua hal yang bisa kita kejar, saya selalu bermimpi bahwa tambang Anda sangat hari ini min"
takut,Saya tidak memberi tahu Anda karena saya tidak ingin Anda merasa takut
takut,Saya semacam kebencian kacamata karena mereka membuat mata saya terlihat kecil dan karena mata besar adalah yang saya miliki untuk saya itu cukup kesal tetapi saya berharap bingkai yang lebih besar ini akan membuat saya merasa kurang paranoid
takut,Saya merasa musik tertekan di pikiran saya menulis ulang FMA OP
takut,Saya ingin menyambut di rumah saya jika saya akhirnya merasa ibu saya terancam oleh ketidakmampuan saya untuk menyusui bayi saya
takut,Saya mengalami mimpi kecemasan yang mengerikan setiap malam minggu lalu dan itu membuat saya merasa sangat paranoid dan tentu saja semua membaca tentang teori konspirasi dan kejahatan yang tidak terpecahkan online tidak sangat membantu masalah
takut,Saya ingat merasa tidak yakin tentang diri saya ketika saya masih muda dan terutama ketika saya menjadi remaja
takut,Saya merasa tidak nyaman menggunakan kata yang luar biasa tetapi ide ini sebenarnya
takut,Saya merasa ragu -ragu dan membuat saya takut
takut,Saya percaya bahwa apa yang ditampilkan adalah kerinduan emosional yang mendalam akan kemiripan kedamaian normal karena tampaknya orang Arab yang menari tidak merasa terancam oleh seorang prajurit bersenjata lengkap
takut,Saya merasa agak tidak aman di sini lagi ke Doha
takut,Saya bersyukur bahwa saya tidak lagi merasakan dorongan panik untuk memperbaiki gangguan emosi dari orang -orang di sekitar saya
takut,Saya hanya mengatakan betapa menyesalnya saya dan baru saja keluar dari mobilnya dan masuk ke rumah saya dengan perasaan gelisah
takut,Saya merasa sedikit paranoid seperti itu benar -benar terlihat bahwa saya libur dan semua orang dapat melihatnya
takut,Saya di halte bus dan saya mendengar cicipi troli baachan saya merasa sedikit paranoid
takut,Saya akhirnya tanpa shoeless membuat saya merasa lebih rentan dan memperlambat saya lebih jauh
takut,Saya telah membayangkan dan bermaksud saya hanya merasa tidak yakin apakah saya mendapatkan visi dan niat itu dengan benar
takut,Saya merasakan kombinasi ketakutan dan lega
takut,Saya selalu memperhatikan meskipun dia luar biasa menyembunyikannya menurut seluruh dunia dan merasakannya dengan tajam dan sangat tertekan
takut,Saya merasa sangat terguncang dan bersalah karena tidak menjadi ibu yang lebih baik dan melindungi keturunan saya dari masalah kesehatan ini
takut,Saya merasa gugup seperti orang lain akan berada di posisi saya
takut,Saya lebih tua saya mungkin tidak merasa takut menghabiskan waktu yang saya tinggalkan sendirian
takut,"Saya masih merasa goyah adalah karena di daerah yang terburuk, kerusakan dan kehancuran sangat lengkap"
takut,Saya merasa tidak pasti dan gelisah
takut,Saya merasa gugup kembali ke Amerika tidak tahu seperti apa transisi itu
takut,Saya mulai merasa skeptis tentang ini sendiri
takut,Saya merasa gelisah dan menuangkan lebih banyak brendi pada kopi saya
takut,Saya merasakan inilah yang membuat Anda merasa tidak yakin
takut,Saya merasa sangat khawatir tentang masa depan saat ini
takut,Saya bukan teman yang sangat baik dari seseorang tentu saja saya merasa enggan sampai batas tertentu jika saya harus melakukan bantuan untuk seseorang itu
takut,"Saya sedang tidur di kamar saya tetapi bangun di tengah malam untuk berpikir saya bisa mendengar suara dan melihat bayangan bergerak, saya merasa ada seseorang di rumah"
takut,"Saya mulai memiliki keraguan ini, perut saya mengepalkan ras jantung saya dan saya merasa takut"
takut,Saya Walia merasa curiga tentang Tarun dan Bani
takut,Saya sudah benar -benar menakutkan dan masih merasa terguncang dan tidak nyaman karena mereka
takut,Saya duduk di sini malam ini dan tegang pasif dan merasa sedikit takut
takut,Saya merasa sedih dan khawatir dan marah karena saya memiliki vertigo dan itu membuat saya merasa tidak pasti
takut,Saya telah mengakui kekalahan dan meminta setengah lainnya untuk kembali dari danau karena saya sudah merasa sangat tegang
takut,Saya harus mengakui bahwa saya merasa sedikit terintimidasi oleh tantangan
takut,Saya pikir saya merasa rentan karena tekanan karena harus membeli mesin jahit dan printer baru
takut,Saya terbangun pada hari Minggu pagi yang indah dengan perasaan gelisah dan sengsara
takut,Saya tidak bisa menoleh bahkan ketika saya merasa takut
takut,Saya merasa paling tidak pasti tentang proyek ini
